一级分类,二级分类,原始链接名称,原始链接URL,状态,RSS/候选名称,RSS/候选URL,备注,来源信息分类,是否模型相关,是否推理加速相关,是否智能体系统相关,是否AI应用相关,是否设备供应商相关,是否通信服务提供商相关,是否云基础设施相关,是否硬件（芯片和硬件热点新闻）相关,是否基础竞争力相关,Folo复核状态,Folo复核标题,Folo复核RSS,Folo复核站点,Folo复核条目数,Folo复核备注,Folo复核时间,FoloCLI补充状态,FoloCLI补充标题,FoloCLI补充RSS,FoloCLI补充条目数,FoloCLI补充备注
v5.0 配置补充（新增 URL）,媒体 / 中文科技 / 商业,36氪 - AI,https://36kr.com/information/AI,未确认,36æ°ª,https://36kr.com/feed,AI 专题页,行业新闻,弱相关,不涉及,不涉及,弱相关,不涉及,不涉及,不涉及,不涉及,不涉及,已确认,36æ°ª,https://36kr.com/feed,http://36kr.com/,4,Confirmed by Folo feeds lookup.,2026-04-26T01:38:46,,,,,
运营商 / 通信媒体,,AT&T Newsroom,https://about.att.com/newsroom.html,未确认,,,暂未找到稳定文章 RSS,通信服务供应商动态,不涉及,不涉及,不涉及,不涉及,不涉及,强相关,不涉及,不涉及,不涉及,未确认,,,,0,No usable RSS feed confirmed by Folo in this pass.,2026-04-26T09:42:18,,,,,
学术 / 研究,,Google AI Blog 旧址,https://ai.googleblog.com,候选,Google AI RSS,https://blog.google/technology/ai/rss/,旧地址已迁移，建议改用新址,行业新闻,不涉及,不涉及,不涉及,不涉及,不涉及,不涉及,不涉及,不涉及,不涉及,已确认,AI,https://blog.google/technology/ai/rss/,https://blog.google/innovation-and-ai/technology/ai/,4,Confirmed by Folo feeds lookup.,2026-04-26T09:45:11,,,,,
AI / 科技媒体,,Meta AI Blog,https://ai.meta.com/blog/,未确认,AI at Meta Blog,rsshub://meta/ai/blog,`discover` 命中不稳定,技术博客,强相关,不涉及,弱相关,弱相关,不涉及,不涉及,不涉及,不涉及,弱相关,未确认,,,,0,No usable RSS feed confirmed by Folo in this pass.,2026-04-26T01:34:28,discover_only,AI at Meta Blog,rsshub://meta/ai/blog,,Folo discover 命中候选；当前 feed get 未直接解析 route。
v5.0 配置补充（新增 URL）,芯片 / 硬件 / 可穿戴,Snap Lens Studio,https://ar.snap.com/news,未确认,ar,https://ar.snap.com/feed,AR 新闻页,设备供应商动态,不涉及,不涉及,不涉及,强相关,不涉及,不涉及,不涉及,强相关,不涉及,已确认,ar,https://ar.snap.com/feed,https://ar.snap.com/,4,Confirmed by Folo feeds lookup.,2026-04-26T09:55:52,,,,,
v5.0 配置补充（新增 URL）,AI / Agent / 官方博客,Ars Technica - AI,https://arstechnica.com/ai/,未确认,AI â Ars Technica,https://arstechnica.com/ai/feed,新增 AI 专题页,行业新闻,弱相关,不涉及,不涉及,不涉及,不涉及,不涉及,不涉及,不涉及,不涉及,已确认,AI â Ars Technica,https://arstechnica.com/ai/feed,https://arstechnica.com/,4,Confirmed by Folo feeds lookup.,2026-04-26T09:45:00,,,,,
AI / 科技媒体,,Ars Technica AI,https://arstechnica.com/tag/ai/,未确认,AI - Ars Technica,https://arstechnica.com/tag/ai/feed,暂未找到稳定文章 RSS,行业新闻,弱相关,不涉及,不涉及,不涉及,不涉及,不涉及,不涉及,不涉及,不涉及,已确认,AI - Ars Technica,https://arstechnica.com/tag/ai/feed,https://arstechnica.com/,4,Confirmed by Folo feeds lookup.,2026-04-26T01:34:37,,,,,
学术 / 研究,,arXiv cs.AI,https://arxiv.org/list/cs.AI/recent,已确认,cs.AI RSS,https://rss.arxiv.org/rss/cs.AI,论文流,学术论文,强相关,不涉及,不涉及,不涉及,不涉及,不涉及,不涉及,不涉及,弱相关,,,,,,,,,,,,
学术 / 研究,,arXiv cs.CL,https://arxiv.org/list/cs.CL/recent,已确认,cs.CL RSS,https://rss.arxiv.org/rss/cs.CL,论文流,学术论文,强相关,不涉及,不涉及,不涉及,不涉及,不涉及,不涉及,不涉及,弱相关,,,,,,,,,,,,
学术 / 研究,,arXiv cs.CV,https://arxiv.org/list/cs.CV/recent,已确认,cs.CV RSS,https://rss.arxiv.org/rss/cs.CV,论文流,学术论文,强相关,不涉及,不涉及,不涉及,不涉及,不涉及,不涉及,不涉及,弱相关,,,,,,,,,,,,
学术 / 研究,,arXiv cs.LG,https://arxiv.org/list/cs.LG/recent,已确认,cs.LG RSS,https://rss.arxiv.org/rss/cs.LG,论文流,学术论文,强相关,不涉及,不涉及,不涉及,不涉及,不涉及,不涉及,不涉及,弱相关,,,,,,,,,,,,
学术 / 研究,,arXiv cs.NE,https://arxiv.org/list/cs.NE/recent,已确认,cs.NE RSS,https://rss.arxiv.org/rss/cs.NE,论文流,学术论文,强相关,不涉及,不涉及,不涉及,不涉及,不涉及,不涉及,不涉及,弱相关,,,,,,,,,,,,
学术 / 研究,,arXiv cs.RO,https://arxiv.org/list/cs.RO/recent,已确认,cs.RO RSS,https://rss.arxiv.org/rss/cs.RO,论文流,学术论文,强相关,不涉及,不涉及,不涉及,不涉及,不涉及,不涉及,不涉及,弱相关,,,,,,,,,,,,
v5.0 配置补充（新增 URL）,学术 / 研究 / 论文补充,arXiv - cs / new,https://arxiv.org/list/cs/new,未确认,,,学科总目录页,学术论文,不涉及,不涉及,不涉及,不涉及,不涉及,不涉及,不涉及,不涉及,弱相关,未确认,,,,0,No usable RSS feed confirmed by Folo in this pass.,2026-04-26T01:44:58,,,,,
v5.0 配置补充（新增 URL）,云 / 基础设施 / 安全,AWS Blog root,https://aws.amazon.com/,非文章页,AWS Blog Feed,https://aws.amazon.com/blogs/aws/feed/,原始链接是站点首页，建议改用已确认博客 feed,云厂商,不涉及,弱相关,不涉及,不涉及,不涉及,不涉及,强相关,弱相关,弱相关,,,,,,,,,,,,
企业 / 云,,AWS Blogs,https://aws.amazon.com/blogs/,已确认,AWS Blog Feed,https://aws.amazon.com/blogs/aws/feed/,官方博客,云厂商,不涉及,弱相关,不涉及,不涉及,不涉及,不涉及,强相关,弱相关,强相关,,,,,,,,,,,,
企业 / 云,,Azure Blog,https://azure.microsoft.com/en-us/blog/,已确认,Azure Blog Feed,https://azure.microsoft.com/en-us/blog/feed/,官方博客,云厂商,不涉及,弱相关,不涉及,不涉及,不涉及,不涉及,强相关,弱相关,强相关,,,,,,,,,,,,
AI / 科技媒体,,Azure AI Category,https://azure.microsoft.com/en-us/blog/category/artificial-intelligence/,候选,Azure Blog Feed,https://azure.microsoft.com/en-us/blog/feed/,只确认到总博客 feed，不是 AI 分类专属,云厂商,弱相关,弱相关,不涉及,不涉及,不涉及,不涉及,强相关,弱相关,强相关,已确认,Microsoft Azure Blog,https://azure.microsoft.com/en-us/blog/feed/,https://azure.microsoft.com/en-us/blog/,4,Confirmed by Folo feeds lookup.,2026-04-26T01:35:02,,,,,
AI / 科技媒体,,Google AI Blog,https://blog.google/technology/ai/,已确认,Google AI RSS,https://blog.google/technology/ai/rss/,官方博客,技术博客,强相关,不涉及,弱相关,弱相关,不涉及,不涉及,不涉及,不涉及,弱相关,,,,,,,,,,,,
AI / 科技媒体,,LangChain Blog,https://blog.langchain.dev/,已确认,LangChain RSS,https://blog.langchain.dev/rss/,官方博客,技术博客,不涉及,不涉及,强相关,弱相关,不涉及,不涉及,不涉及,不涉及,强相关,,,,,,,,,,,,
v5.0 配置补充（新增 URL）,云 / 基础设施 / 安全,Cisco Security Blog,https://blogs.cisco.com/security,未确认,Cisco Blogs,https://blogs.cisco.com/feed,安全博客分类页,设备供应商动态,不涉及,不涉及,不涉及,不涉及,强相关,不涉及,不涉及,弱相关,不涉及,已确认,Cisco Blogs,https://blogs.cisco.com/feed,https://blogs.cisco.com/,4,Confirmed by Folo feeds lookup.,2026-04-26T09:47:07,,,,,
v5.0 配置补充（新增 URL）,AI / Agent / 官方博客,Microsoft AI Blog,https://blogs.microsoft.com/ai/,未确认,AI - Source,https://news.microsoft.com/source/topics/ai/feed/,Microsoft AI / Copilot 博客,技术博客,强相关,不涉及,弱相关,强相关,不涉及,不涉及,不涉及,不涉及,弱相关,已确认,AI - Source,https://news.microsoft.com/source/topics/ai/feed/,https://news.microsoft.com/source/topics/ai/,4,Official Microsoft Source AI topic feed.,2026-04-26T09:46:01,,,,,
v5.0 配置补充（新增 URL）,芯片 / 硬件 / 可穿戴,NVIDIA Blogs,https://blogs.nvidia.com/,已确认,NVIDIA Blog Feed,https://blogs.nvidia.com/feed/,官方博客首页可对应已验证 feed,设备供应商动态,不涉及,强相关,不涉及,不涉及,不涉及,不涉及,不涉及,强相关,不涉及,,,,,,,,,,,,
企业 / 云,,VMware Blogs,https://blogs.vmware.com/,已确认,VMware Feed,https://blogs.vmware.com/feed,官方博客,云厂商,不涉及,弱相关,不涉及,不涉及,不涉及,不涉及,强相关,不涉及,强相关,,,,,,,,,,,,
企业 / 云,,Google Cloud Blog,https://cloud.google.com/blog/,已确认,GCP RSS,https://cloudblog.withgoogle.com/products/gcp/rss/,官方博客,云厂商,不涉及,弱相关,不涉及,不涉及,不涉及,不涉及,强相关,弱相关,强相关,,,,,,,,,,,,
v5.0 配置补充（新增 URL）,云 / 基础设施 / 安全,Google Cloud Telco Blog,https://cloud.google.com/blog/topics/telecommunications,候选,GCP RSS,https://cloudblog.withgoogle.com/products/gcp/rss/,只确认到 GCP 总 feed，不是电信专题专属,云厂商,不涉及,弱相关,不涉及,不涉及,不涉及,不涉及,强相关,弱相关,强相关,已确认,Google Cloud,https://cloudblog.withgoogle.com/products/gcp/rss/,https://cloud.google.com/blog/products/gcp/,4,Confirmed by Folo feeds lookup.,2026-04-26T01:37:31,,,,,
v5.0 配置补充（新增 URL）,芯片 / 硬件 / 可穿戴,Intel Community,https://community.intel.com/t5/Intel/ct-p/intel,非文章页,,,社区论坛页,设备供应商动态,不涉及,不涉及,不涉及,不涉及,不涉及,不涉及,不涉及,强相关,不涉及,,,,,,,,,,,,
v5.0 配置补充（新增 URL）,云 / 基础设施 / 安全,阿里达摩院,https://damo.alibaba.com/,非文章页,,,机构主页，不是文章 RSS 页,行业新闻,不涉及,不涉及,不涉及,不涉及,不涉及,不涉及,不涉及,不涉及,不涉及,,,,,,,,,,,,
v5.0 配置补充（新增 URL）,云 / 基础设施 / 安全,Data Center POST,https://datacenterpost.com/,未确认,Data Center POST,https://datacenterpost.com/feed/,数据中心媒体,行业新闻,不涉及,强相关,不涉及,不涉及,不涉及,不涉及,强相关,强相关,不涉及,已确认,Data Center POST,https://datacenterpost.com/feed/,https://datacenterpost.com/,4,Confirmed by Folo feeds lookup.,2026-04-26T01:38:09,,,,,
v5.0 配置补充（新增 URL）,AI / Agent / 官方博客,Google DeepMind Blog,https://deepmind.google/discover/blog/,未确认,Google DeepMind News,https://deepmind.google/blog/feed,官方博客入口,技术博客,强相关,不涉及,不涉及,不涉及,不涉及,不涉及,不涉及,不涉及,弱相关,已确认,Google DeepMind News,https://deepmind.google/blog/feed,https://deepmind.google/blog/,4,Confirmed by Folo feeds lookup.,2026-04-26T09:45:29,,,,,
v5.0 配置补充（新增 URL）,学术 / 研究 / 论文补充,Google DeepMind Research,https://deepmind.google/research/,未确认,Google DeepMind News,https://deepmind.google/blog/rss.xml,研究索引页,学术论文,强相关,不涉及,不涉及,不涉及,不涉及,不涉及,不涉及,不涉及,不涉及,未确认,,,,0,No usable RSS feed confirmed by Folo in this pass.,2026-04-26T09:56:33,verified,Google DeepMind News,https://deepmind.google/blog/rss.xml,4,官方替代源：DeepMind Blog feed。
v5.0 配置补充（新增 URL）,社区 / API / 社交 / 目录,DEV Community - top / week,https://dev.to/top/week,非文章页,,,排行榜页,行业新闻,不涉及,不涉及,不涉及,不涉及,不涉及,不涉及,不涉及,不涉及,弱相关,,,,,,,,,,,,
v5.0 配置补充（新增 URL）,芯片 / 硬件 / 可穿戴,NVIDIA Developer Blog,https://developer.nvidia.com/blog/,未确认,NVIDIA Technical Blog,https://developer.nvidia.com/blog/feed,CUDA / 推理优化博客,设备供应商动态,不涉及,强相关,不涉及,不涉及,不涉及,不涉及,不涉及,强相关,强相关,已确认,NVIDIA Technical Blog,https://developer.nvidia.com/blog/feed,https://developer.nvidia.com/blog,4,Confirmed by Folo feeds lookup.,2026-04-26T09:52:02,,,,,
v5.0 配置补充（新增 URL）,媒体 / 中文科技 / 商业,IT之家 - Discovery / Invention,https://discovery.ithome.com/invention,未确认,,,频道页,行业新闻,不涉及,不涉及,不涉及,不涉及,不涉及,不涉及,不涉及,不涉及,不涉及,未确认,,,,0,No usable RSS feed confirmed by Folo in this pass.,2026-04-26T01:40:30,,,,,
v5.0 配置补充（新增 URL）,AI / Agent / 官方博客,OpenClaw Docs,https://docs.openclaw.ai,非文章页,,,文档站，不是文章 RSS 场景,技术博客,不涉及,不涉及,强相关,强相关,不涉及,不涉及,不涉及,不涉及,强相关,,,,,,,,,,,,
v5.0 配置补充（新增 URL）,云 / 基础设施 / 安全,Green AI Newsletter,https://energy%20Efficient.ai/newsletter,未确认,,,原始 URL 含空格，需人工修正,行业新闻,不涉及,不涉及,不涉及,不涉及,不涉及,不涉及,不涉及,不涉及,不涉及,未确认,,,,0,No usable RSS feed confirmed by Folo in this pass.,2026-04-26T01:36:58,,,,,
v5.0 配置补充（新增 URL）,媒体 / 中文科技 / 商业,新浪科技 - AI,https://finance.sina.com.cn/tech/,未确认,,,科技频道页,行业新闻,不涉及,不涉及,不涉及,不涉及,不涉及,不涉及,不涉及,不涉及,不涉及,未确认,,,,0,No usable RSS feed confirmed by Folo in this pass.,2026-04-26T01:38:33,,,,,
v5.0 配置补充（新增 URL）,社区 / API / 社交 / 目录,Frontend Focus - issue 736,https://frontendfoc.us/issues/736,非文章页,,,单期 newsletter 页面,行业新闻,不涉及,不涉及,不涉及,不涉及,不涉及,不涉及,不涉及,不涉及,弱相关,,,,,,,,,,,,
v5.0 配置补充（新增 URL）,社区 / API / 社交 / 目录,GitHub Weekly Rank,https://github.com/OpenGithubs/github-weekly-rank,非文章页,,,GitHub 仓库页,开源动态,不涉及,不涉及,不涉及,不涉及,不涉及,不涉及,不涉及,不涉及,强相关,,,,,,,,,,,,
开源 / 平台,,GitHub Trending,https://github.com/trending,非文章页,,,趋势榜，不纳入文章 RSS,开源动态,不涉及,不涉及,不涉及,不涉及,不涉及,不涉及,不涉及,不涉及,强相关,,,,,,,,,,,,
开源 / 平台,,GitLab Explore,https://gitlab.com/explore,非文章页,,,探索页，不纳入文章 RSS,开源动态,不涉及,不涉及,不涉及,不涉及,不涉及,不涉及,不涉及,不涉及,强相关,,,,,,,,,,,,
运营商 / 通信媒体,,SoftBank News,https://group.softbank/en/news/,未确认,,,暂未找到稳定文章 RSS,通信服务供应商动态,不涉及,不涉及,不涉及,不涉及,不涉及,强相关,不涉及,不涉及,不涉及,未确认,,,,0,No usable RSS feed confirmed by Folo in this pass.,2026-04-26T01:34:44,,,,,
v5.0 配置补充（新增 URL）,社区 / API / 社交 / 目录,Hacker News - AI 24h,https://hn.algolia.com/api/v1/search?query=AI&tags=story&hitsPerPage=30,非文章页,,,JSON API，不是 RSS 页,行业新闻,弱相关,不涉及,弱相关,不涉及,不涉及,不涉及,不涉及,不涉及,弱相关,,,,,,,,,,,,
开源 / 平台,,Docker Hub,https://hub.docker.com,非文章页,,,镜像目录，不是文章页,开源动态,不涉及,不涉及,不涉及,不涉及,不涉及,不涉及,不涉及,不涉及,强相关,,,,,,,,,,,,
v5.0 配置补充（新增 URL）,AI / Agent / 官方博客,Hugging Face Blog,https://huggingface.co/blog,候选,Hugging Face Blog Feed,https://huggingface.co/blog/feed.xml,已命中博客 feed 候选，待最终确认,开源动态,强相关,弱相关,不涉及,不涉及,不涉及,不涉及,不涉及,不涉及,强相关,已确认,Hugging Face - Blog,https://huggingface.co/blog/feed.xml,https://huggingface.co/blog,4,Confirmed by Folo feeds lookup.,2026-04-26T01:37:02,,,,,
v5.0 配置补充（新增 URL）,AI / Agent / 官方博客,Hugging Face - blog tag,https://huggingface.co/blog?tag=open-source-collab,候选,Hugging Face Blog Feed,https://huggingface.co/blog/feed.xml,标签页，当前只拿到总站 blog feed,开源动态,强相关,弱相关,不涉及,不涉及,不涉及,不涉及,不涉及,不涉及,强相关,已确认,Hugging Face - Blog,https://huggingface.co/blog/feed.xml,https://huggingface.co/blog,4,Confirmed by Folo feeds lookup.,2026-04-26T09:46:08,,,,,
开源 / 平台,,Hugging Face Models,https://huggingface.co/models,非文章页,Hugging Face Blog Feed,https://huggingface.co/blog/feed.xml,原始页是模型目录，不是文章页,开源动态,强相关,不涉及,不涉及,不涉及,不涉及,不涉及,不涉及,不涉及,强相关,,,,,,,,,,,,
v5.0 配置补充（新增 URL）,学术 / 研究 / 论文补充,Hugging Face Papers,https://huggingface.co/papers,非文章页,,,论文聚合目录页,开源动态,强相关,不涉及,不涉及,不涉及,不涉及,不涉及,不涉及,不涉及,强相关,,,,,,,,,,,,
芯片 / 硬件,,AMD News Releases,https://ir.amd.com/news-releases,已确认,AMD RSS,https://ir.amd.com/rss/news-releases.xml,官方新闻稿,设备供应商动态,不涉及,强相关,不涉及,不涉及,不涉及,不涉及,不涉及,强相关,不涉及,,,,,,,,,,,,
v5.0 配置补充（新增 URL）,媒体 / 中文科技 / 商业,IT之家 - IT业界,https://it.ithome.com/ityejie,未确认,,,频道页,行业新闻,不涉及,不涉及,不涉及,不涉及,不涉及,不涉及,不涉及,不涉及,不涉及,未确认,,,,0,No usable RSS feed confirmed by Folo in this pass.,2026-04-26T09:48:50,,,,,
v5.0 配置补充（新增 URL）,社区 / API / 社交 / 目录,掘金 AI,https://juejin.cn/ai?sort=newest,未确认,,,社区 AI 文章列表页,行业新闻,不涉及,不涉及,弱相关,不涉及,不涉及,不涉及,不涉及,不涉及,不涉及,未确认,,,,0,No usable RSS feed confirmed by Folo in this pass.,2026-04-26T01:44:34,,,,,
v5.0 配置补充（新增 URL）,社区 / API / 社交 / 目录,掘金 - frontend,https://juejin.cn/frontend?sort=newest,未确认,掘金 前端,rsshub://juejin/category/frontend,社区文章列表页,行业新闻,不涉及,不涉及,不涉及,不涉及,不涉及,不涉及,不涉及,不涉及,不涉及,未确认,,,,0,No usable RSS feed confirmed by Folo in this pass.,2026-04-26T09:56:22,discover_only,掘金 前端,rsshub://juejin/category/frontend,,Folo discover 命中候选；当前 feed get 未直接解析 route。
v5.0 配置补充（新增 URL）,学术 / 研究 / 论文补充,Apple Machine Learning,https://machinelearning.apple.com/,未确认,Apple Machine Learning Research,https://machinelearning.apple.com/rss.xml,研究或论文文章页,学术论文,强相关,弱相关,不涉及,不涉及,不涉及,不涉及,不涉及,不涉及,不涉及,已确认,Apple Machine Learning Research,https://machinelearning.apple.com/rss.xml,https://machinelearning.apple.com/,4,Confirmed by Folo feeds lookup.,2026-04-26T01:44:35,,,,,
v5.0 配置补充（新增 URL）,AI / Agent / 官方博客,AutoGPT Blog,https://news.agpt.co/,未确认,AutoGPT,https://autogpt.net/feed/,官方新闻或博客页,技术博客,不涉及,不涉及,强相关,弱相关,不涉及,不涉及,不涉及,不涉及,强相关,未确认,,,,0,No usable RSS feed confirmed by Folo in this pass.,2026-04-26T09:45:11,verified,AutoGPT,https://autogpt.net/feed/,4,官方 RSS。
v5.0 配置补充（新增 URL）,媒体 / 中文科技 / 商业,AI Base 日报,https://news.aibase.com/zh/daily,未确认,AI新闻资讯,rsshub://aibase/news,AI 日报页,行业新闻,强相关,不涉及,弱相关,强相关,不涉及,不涉及,不涉及,不涉及,不涉及,未确认,,,,0,No usable RSS feed confirmed by Folo in this pass.,2026-04-26T09:47:59,discover_only,AI新闻资讯,rsshub://aibase/news,,Folo discover 命中候选；当前 feed get 未直接解析 route。
v5.0 配置补充（新增 URL）,媒体 / 中文科技 / 商业,AI Base 新闻,https://news.aibase.com/zh/news,未确认,AI新闻资讯,rsshub://aibase/news,AI 新闻页,行业新闻,强相关,不涉及,弱相关,强相关,不涉及,不涉及,不涉及,不涉及,不涉及,未确认,,,,0,No usable RSS feed confirmed by Folo in this pass.,2026-04-26T01:38:51,discover_only,AI新闻资讯,rsshub://aibase/news,,Folo discover 命中候选；当前 feed get 未直接解析 route。
AI / 科技媒体,,MIT AI Topic,https://news.mit.edu/topic/artificial-intelligence2,已确认,MIT AI RSS,https://news.mit.edu/rss/topic/artificial-intelligence2,主题文章流,行业新闻,强相关,不涉及,弱相关,弱相关,不涉及,不涉及,不涉及,不涉及,不涉及,,,,,,,,,,,,
芯片 / 硬件,,Samsung Semiconductor News,https://news.samsung.com/global/semiconductor,已确认,Samsung Semiconductor Feed,https://news.samsung.com/global/category/semiconductor/feed,官方分类文章流,设备供应商动态,不涉及,强相关,不涉及,不涉及,不涉及,不涉及,不涉及,强相关,不涉及,,,,,,,,,,,,
芯片 / 硬件,,SK hynix News,https://news.skhynix.com/,已确认,SK hynix Feed,https://news.skhynix.com/feed/,官方新闻,设备供应商动态,不涉及,强相关,不涉及,不涉及,不涉及,不涉及,不涉及,强相关,不涉及,,,,,,,,,,,,
AI / 科技媒体,,Hacker News,https://news.ycombinator.com,已确认,HN RSS,https://news.ycombinator.com/rss,官方 RSS,行业新闻,弱相关,不涉及,弱相关,不涉及,不涉及,不涉及,不涉及,不涉及,弱相关,,,,,,,,,,,,
企业 / 云,,Cisco Newsroom,https://newsroom.cisco.com/,未确认,Cisco Blogs,https://blogs.cisco.com/feed,暂未找到稳定文章 RSS,设备供应商动态,不涉及,不涉及,不涉及,不涉及,强相关,不涉及,不涉及,弱相关,不涉及,未确认,,,,0,No usable RSS feed confirmed by Folo in this pass.,2026-04-26T09:41:42,verified,Cisco Blogs,https://blogs.cisco.com/feed,4,官方替代源：Cisco Blogs 总 feed。
企业 / 云,,IBM Newsroom,https://newsroom.ibm.com/,已确认,IBM Announcements RSS,https://newsroom.ibm.com/announcements?pagetemplate=rss,官方新闻,云厂商,不涉及,不涉及,不涉及,不涉及,不涉及,不涉及,强相关,不涉及,弱相关,,,,,,,,,,,,
v5.0 配置补充（新增 URL）,芯片 / 硬件 / 可穿戴,Intel Newsroom,https://newsroom.intel.com/,未确认,Newsroom,https://newsroom.intel.com/feed,新闻主页,设备供应商动态,不涉及,不涉及,不涉及,不涉及,不涉及,不涉及,不涉及,强相关,不涉及,已确认,Newsroom,https://newsroom.intel.com/feed,https://newsroom.intel.com/,4,Confirmed by Folo feeds lookup.,2026-04-26T01:44:13,,,,,
芯片 / 硬件,,NVIDIA Newsroom,https://nvidianews.nvidia.com,已确认（替代）,NVIDIA Blog Feed,https://blogs.nvidia.com/feed/,官方博客流，不是 newsroom 原生 feed,设备供应商动态,不涉及,强相关,不涉及,不涉及,不涉及,不涉及,不涉及,强相关,不涉及,,,,,,,,,,,,
v5.0 配置补充（新增 URL）,芯片 / 硬件 / 可穿戴,NVIDIA Newsroom - latest,https://nvidianews.nvidia.com/news/latest,已确认（替代）,NVIDIA Blog Feed,https://blogs.nvidia.com/feed/,已确认可用的是 NVIDIA 博客 feed,设备供应商动态,不涉及,强相关,不涉及,不涉及,不涉及,不涉及,不涉及,强相关,不涉及,,,,,,,,,,,,
AI / 科技媒体,,OpenAI Index,https://openai.com/index/,已确认,OpenAI News RSS,https://openai.com/news/rss.xml,官方新闻,技术博客,强相关,不涉及,弱相关,弱相关,不涉及,不涉及,不涉及,不涉及,弱相关,,,,,,,,,,,,
v5.0 配置补充（新增 URL）,学术 / 研究 / 论文补充,OpenAI - research / release,https://openai.com/research/index/release,未确认,OpenAI News,https://openai.com/news/rss.xml,研究发布索引页,学术论文,强相关,弱相关,弱相关,弱相关,不涉及,不涉及,不涉及,不涉及,弱相关,未确认,,,,0,No usable RSS feed confirmed by Folo in this pass.,2026-04-26T09:56:55,verified,OpenAI News,https://openai.com/news/rss.xml,4,官方替代源：OpenAI News feed。
v5.0 配置补充（新增 URL）,学术 / 研究 / 论文补充,OpenAI - zh-Hans-CN / research,https://openai.com/zh-Hans-CN/research/index/publication,未确认,OpenAI News,https://openai.com/news/rss.xml,中文研究发布页,学术论文,不涉及,不涉及,弱相关,弱相关,不涉及,不涉及,不涉及,不涉及,不涉及,未确认,,,,0,No usable RSS feed confirmed by Folo in this pass.,2026-04-26T01:45:26,verified,OpenAI News,https://openai.com/news/rss.xml,4,官方替代源：OpenAI News feed。
v5.0 配置补充（新增 URL）,AI / Agent / 官方博客,OpenClaw Blog,https://openclaw.ai/blog,未确认,OpenClaw Blog,https://openclaw.ai/rss.xml,官方博客,技术博客,不涉及,不涉及,强相关,强相关,不涉及,不涉及,不涉及,不涉及,强相关,已确认,OpenClaw Blog,https://openclaw.ai/rss.xml,https://openclaw.ai/,2,Confirmed by Folo feeds lookup.,2026-04-26T01:36:33,,,,,
开源 / 平台,,Open Source Initiative,https://opensource.org,已确认,OSI Feed,https://opensource.org/feed,官方文章流,开源动态,不涉及,不涉及,不涉及,不涉及,不涉及,不涉及,弱相关,不涉及,强相关,,,,,,,,,,,,
开源 / 平台,,PyPI,https://pypi.org,非文章页,,,仅确认到包更新流，不是文章流,开源动态,不涉及,不涉及,不涉及,不涉及,不涉及,不涉及,不涉及,不涉及,强相关,,,,,,,,,,,,
v5.0 配置补充（新增 URL）,学术 / 研究 / 论文补充,research.google - blog,https://research.google/blog,未确认,The latest research from Google,https://research.google/blog/rss/,Google Research 博客,学术论文,强相关,弱相关,不涉及,不涉及,不涉及,不涉及,不涉及,不涉及,强相关,已确认,The latest research from Google,https://research.google/blog/rss/,https://research.google/blog/,4,Confirmed by Folo feeds lookup.,2026-04-26T09:53:50,,,,,
v5.0 配置补充（新增 URL）,学术 / 研究 / 论文补充,IBM Research - AI,https://research.ibm.com/blog?topics=artificial-intelligence,未确认,IBM Research,https://research.ibm.com/rss,研究博客专题页,学术论文,强相关,不涉及,不涉及,不涉及,不涉及,不涉及,不涉及,不涉及,不涉及,已确认,IBM Research,https://research.ibm.com/rss,https://research.ibm.com/,4,Confirmed by Folo feeds lookup.,2026-04-26T01:44:47,,,,,
v5.0 配置补充（新增 URL）,云 / 基础设施 / 安全,阿里云资源库,https://resource.alibabacloud.com/whitepaper,非文章页,,,白皮书或资源库，不是文章 RSS 页,云厂商,不涉及,不涉及,不涉及,不涉及,不涉及,不涉及,强相关,弱相关,弱相关,,,,,,,,,,,,
v5.0 配置补充（新增 URL）,学术 / 研究 / 论文补充,seed.bytedance.com - zh / blog,https://seed.bytedance.com/zh/blog?order_desc=true&offset=12,未确认,,,字节研究博客,学术论文,强相关,不涉及,不涉及,不涉及,不涉及,不涉及,不涉及,不涉及,不涉及,未确认,,,,0,No usable RSS feed confirmed by Folo in this pass.,2026-04-26T01:45:17,,,,,
v5.0 配置补充（新增 URL）,芯片 / 硬件 / 可穿戴,SemiAnalysis,https://semianalysis.com/,未确认,SemiAnalysis,https://semianalysis.com/feed/,半导体深度媒体主页,行业新闻,不涉及,强相关,不涉及,不涉及,不涉及,不涉及,不涉及,强相关,不涉及,已确认,SemiAnalysis,https://semianalysis.com/feed/,https://semianalysis.com/,4,Confirmed by Folo feeds lookup.,2026-04-26T09:52:38,,,,,
学术 / 研究,,IEEE Spectrum,https://spectrum.ieee.org,已确认,IEEE Spectrum RSS,https://spectrum.ieee.org/feeds/feed.rss,官方文章流,行业新闻,不涉及,不涉及,不涉及,不涉及,不涉及,不涉及,不涉及,不涉及,不涉及,,,,,,,,,,,,
开源 / 平台,,Stack Overflow,https://stackoverflow.com,非文章页,,,问答站，不是文章页,行业新闻,不涉及,不涉及,不涉及,不涉及,不涉及,不涉及,不涉及,不涉及,弱相关,,,,,,,,,,,,
标准 / 组织,,IEEE Standards News,https://standards.ieee.org/news/,未确认,IEEE Standards Association,https://standards.ieee.org/feed,暂未找到稳定文章 RSS,行业新闻,不涉及,不涉及,不涉及,不涉及,不涉及,不涉及,不涉及,不涉及,不涉及,已确认,IEEE Standards Association,https://standards.ieee.org/feed,https://standards.ieee.org/,4,Confirmed by Folo feeds lookup.,2026-04-26T09:42:43,,,,,
v5.0 配置补充（新增 URL）,媒体 / 中文科技 / 商业,美团技术,https://tech.meituan.com/,未确认,ç¾å¢ææ¯å¢é,https://tech.meituan.com/feed/,技术博客首页,技术博客,不涉及,弱相关,不涉及,不涉及,不涉及,不涉及,不涉及,不涉及,强相关,已确认,ç¾å¢ææ¯å¢é,https://tech.meituan.com/feed/,https://tech.meituan.com/feed/,4,Confirmed by Folo feeds lookup.,2026-04-26T09:48:59,,,,,
AI / 科技媒体,,TechCrunch AI,https://techcrunch.com/category/artificial-intelligence/,已确认,TechCrunch AI Feed,https://techcrunch.com/category/artificial-intelligence/feed/,分类文章流,行业新闻,弱相关,不涉及,弱相关,弱相关,不涉及,不涉及,不涉及,不涉及,弱相关,,,,,,,,,,,,
v5.0 配置补充（新增 URL）,云 / 基础设施 / 安全,The Green Grid,https://thegreengrid.org/news-events/,未确认,,,行业组织新闻页,行业新闻,不涉及,强相关,不涉及,不涉及,不涉及,不涉及,强相关,强相关,不涉及,未确认,,,,0,No usable RSS feed confirmed by Folo in this pass.,2026-04-26T01:37:46,,,,,
v5.0 配置补充（新增 URL）,媒体 / 中文科技 / 商业,The New Stack Newsletter,https://thenewstack.io/newsletter/,非文章页,,,Newsletter 订阅页，不是文章 RSS 页,行业新闻,不涉及,不涉及,不涉及,不涉及,不涉及,不涉及,不涉及,不涉及,不涉及,,,,,,,,,,,,
AI / 科技媒体,,VentureBeat AI,https://venturebeat.com/category/ai/,已确认,VentureBeat AI Feed,https://venturebeat.com/category/ai/feed/,分类文章流,行业新闻,弱相关,不涉及,弱相关,弱相关,不涉及,不涉及,不涉及,不涉及,弱相关,,,,,,,,,,,,
v5.0 配置补充（新增 URL）,媒体 / 中文科技 / 商业,华尔街见闻 - TMT,https://wallstreetcn.com/news/tmt,未确认,,,TMT 频道页,行业新闻,不涉及,不涉及,不涉及,不涉及,不涉及,不涉及,不涉及,不涉及,不涉及,未确认,,,,0,No usable RSS feed confirmed by Folo in this pass.,2026-04-26T01:39:01,,,,,
v5.0 配置补充（新增 URL）,媒体 / 中文科技 / 商业,36氪 - hot-list / catalog,https://www.36kr.com/hot-list/catalog,非文章页,,rsshub://36kr/hot-list,热榜页，不是文章 RSS 页,行业新闻,不涉及,不涉及,不涉及,不涉及,不涉及,不涉及,不涉及,不涉及,不涉及,,,,,,,,,,,,
v5.0 配置补充（新增 URL）,媒体 / 中文科技 / 商业,36氪 - hot-list / renqi,https://www.36kr.com/hot-list/renqi,非文章页,,rsshub://36kr/hot-list,热榜页，不是文章 RSS 页,行业新闻,不涉及,不涉及,不涉及,不涉及,不涉及,不涉及,不涉及,不涉及,不涉及,,,,,,,,,,,,
标准 / 组织,,3GPP News,https://www.3gpp.org/news-events,未确认,,,暂未找到稳定文章 RSS,行业新闻,不涉及,不涉及,不涉及,不涉及,弱相关,弱相关,不涉及,不涉及,不涉及,未确认,,,,0,No usable RSS feed confirmed by Folo in this pass.,2026-04-26T01:34:59,,,,,
v5.0 配置补充（新增 URL）,电信 / 标准 / 行业媒体,3GPP News,https://www.3gpp.org/news-events/3gpp-news,未确认,,,3GPP 新闻页,行业新闻,不涉及,不涉及,不涉及,不涉及,弱相关,弱相关,不涉及,不涉及,不涉及,未确认,,,,0,No usable RSS feed confirmed by Folo in this pass.,2026-04-26T01:41:31,,,,,
v5.0 配置补充（新增 URL）,云 / 基础设施 / 安全,阿里云博客,https://www.alibabacloud.com/blog,未确认,,,云技术博客,云厂商,不涉及,弱相关,不涉及,不涉及,不涉及,不涉及,强相关,弱相关,强相关,未确认,,,,0,No usable RSS feed confirmed by Folo in this pass.,2026-04-26T09:45:43,,,,,
v5.0 配置补充（新增 URL）,学术 / 研究 / 论文补充,Amazon Science,https://www.amazon.science/,未确认,Amazon Science homepage,https://www.amazon.science/index.rss,科研文章站,学术论文,强相关,弱相关,不涉及,不涉及,不涉及,不涉及,不涉及,不涉及,不涉及,已确认,Amazon Science homepage,https://www.amazon.science/index.rss,https://www.amazon.science/,4,Confirmed by Folo feeds lookup.,2026-04-26T09:52:45,,,,,
AI / 科技媒体,,Anthropic News,https://www.anthropic.com/news,已确认（替代）,Anthropic News RSS,https://rsshub.bestblogs.dev/anthropic/news,通过 RSSHub 路由读取官方新闻页,技术博客,强相关,不涉及,弱相关,弱相关,不涉及,不涉及,不涉及,不涉及,弱相关,,,,,,,,,,,,
开源 / 平台,,Apache,https://www.apache.org,未确认,Flink Blog on Apache Flink,https://flink.apache.org/posts/index.xml,暂未找到稳定文章 RSS,开源动态,不涉及,不涉及,不涉及,不涉及,不涉及,不涉及,弱相关,不涉及,强相关,未确认,,,,0,No usable RSS feed confirmed by Folo in this pass.,2026-04-26T09:44:50,verified,Flink Blog on Apache Flink,https://flink.apache.org/posts/index.xml,4,官方替代源：Apache 子项目 Flink 博客。
v5.0 配置补充（新增 URL）,芯片 / 硬件 / 可穿戴,Apple Newsroom,https://www.apple.com/newsroom/,未确认,Apple Newsroom,https://www.apple.com/newsroom/rss-feed.rss,新闻主页,设备供应商动态,不涉及,不涉及,不涉及,弱相关,不涉及,不涉及,不涉及,强相关,不涉及,未确认,,,,0,No usable RSS feed confirmed by Folo in this pass.,2026-04-26T01:44:21,verified,Apple Newsroom,https://www.apple.com/newsroom/rss-feed.rss,4,官方 RSS。
芯片 / 硬件,,Arm News,https://www.arm.com/company/news,未确认,News Archive - Arm Newsroom,https://newsroom.arm.com/news/feed/,暂未找到稳定文章 RSS,设备供应商动态,不涉及,强相关,不涉及,不涉及,不涉及,不涉及,不涉及,强相关,不涉及,已确认,News Archive - Arm Newsroom,https://newsroom.arm.com/news/feed/,https://newsroom.arm.com/news,4,Official Arm newsroom feed on dedicated subdomain.,2026-04-26T01:35:35,,,,,
v5.0 配置补充（新增 URL）,学术 / 研究 / 论文补充,arXiv Daily,https://www.arxivdaily.com/,未确认,,,论文精选站点,学术论文,不涉及,不涉及,不涉及,不涉及,不涉及,不涉及,不涉及,不涉及,不涉及,未确认,,,,0,No usable RSS feed confirmed by Folo in this pass.,2026-04-26T09:53:36,,,,,
芯片 / 硬件,,ASML News,https://www.asml.com/en/news,未确认,,,暂未找到稳定文章 RSS,设备供应商动态,不涉及,强相关,不涉及,不涉及,不涉及,不涉及,不涉及,强相关,不涉及,未确认,,,,0,No usable RSS feed confirmed by Folo in this pass.,2026-04-26T09:44:47,,,,,
芯片 / 硬件,,Broadcom News,https://www.broadcom.com/company/news,已确认（替代）,Broadcom IR News RSS,https://investors.broadcom.com/rss/news-releases.xml,官方 IR 新闻流,设备供应商动态,不涉及,强相关,不涉及,不涉及,不涉及,不涉及,不涉及,强相关,不涉及,,,,,,,,,,,,
v5.0 配置补充（新增 URL）,电信 / 标准 / 行业媒体,C114 首页,https://www.c114.com.cn/,未确认,滚动资讯 - C114通信网,https://etc-rssh-ub.vercel.app/c114/roll,通信行业媒体主页,行业新闻,不涉及,不涉及,不涉及,不涉及,弱相关,弱相关,不涉及,不涉及,不涉及,未确认,,,,0,No usable RSS feed confirmed by Folo in this pass.,2026-04-26T01:43:40,verified,滚动资讯 - C114通信网,https://etc-rssh-ub.vercel.app/c114/roll,4,第三方候选：C114 滚动资讯流。
v5.0 配置补充（新增 URL）,电信 / 标准 / 行业媒体,C114 通信网 - 本地,https://www.c114.com.cn/local/,未确认,滚动资讯 - C114通信网,https://etc-rssh-ub.vercel.app/c114/roll,通信新闻频道,行业新闻,不涉及,不涉及,不涉及,不涉及,弱相关,弱相关,不涉及,不涉及,不涉及,未确认,,,,0,No usable RSS feed confirmed by Folo in this pass.,2026-04-26T01:41:29,verified,滚动资讯 - C114通信网,https://etc-rssh-ub.vercel.app/c114/roll,4,第三方候选：C114 滚动资讯流。
v5.0 配置补充（新增 URL）,电信 / 标准 / 行业媒体,C114 通信网 - 技术,https://www.c114.com.cn/tech/169.html,未确认,C114中国通信网_电信运营商,https://www.c114.com.cn/rss/rss_news_21.xml,技术频道,行业新闻,不涉及,不涉及,不涉及,不涉及,弱相关,弱相关,不涉及,不涉及,不涉及,未确认,,,,0,No usable RSS feed confirmed by Folo in this pass.,2026-04-26T09:50:16,verified,C114中国通信网_电信运营商,https://www.c114.com.cn/rss/rss_news_21.xml,4,官方 RSS。
开源 / 平台,,CNCF Blog,https://www.cncf.io/blog/,已确认,CNCF Blog Feed,https://www.cncf.io/blog/feed/,官方博客,开源动态,不涉及,弱相关,不涉及,不涉及,不涉及,不涉及,强相关,不涉及,强相关,,,,,,,,,,,,
v5.0 配置补充（新增 URL）,AI / Agent / 官方博客,CrewAI Blog,https://www.crewai.com/blog,未确认,CrewAI,https://blog.crewai.com/rss/,官方博客,技术博客,不涉及,不涉及,强相关,弱相关,不涉及,不涉及,不涉及,不涉及,强相关,未确认,,,,0,No usable RSS feed confirmed by Folo in this pass.,2026-04-26T01:36:53,verified,CrewAI,https://blog.crewai.com/rss/,4,官方 RSS。
v5.0 配置补充（新增 URL）,云 / 基础设施 / 安全,Dark Reading - AI,https://www.darkreading.com/cyber-risk/artificial-intelligence,未确认,darkreading,https://www.darkreading.com/rss.xml,安全媒体专题页,行业新闻,弱相关,不涉及,不涉及,不涉及,不涉及,不涉及,不涉及,不涉及,不涉及,已确认,darkreading,https://www.darkreading.com/rss.xml,https://www.darkreading.com/,4,Confirmed by Folo feeds lookup.,2026-04-26T01:38:20,,,,,
v5.0 配置补充（新增 URL）,云 / 基础设施 / 安全,Data Center Dynamics,https://www.datacenterdynamics.com/,未确认,,,数据中心行业媒体,行业新闻,不涉及,强相关,不涉及,不涉及,不涉及,不涉及,强相关,强相关,不涉及,未确认,,,,0,No usable RSS feed confirmed by Folo in this pass.,2026-04-26T09:46:34,,,,,
AI / 科技媒体,,DeepSeek,https://www.deepseek.com/,已确认（替代）,DeepSeek News RSS,https://rsshub.bestblogs.dev/deepseek/news,可读的是 DeepSeek 新闻或文档文章流,技术博客,强相关,弱相关,弱相关,弱相关,不涉及,不涉及,不涉及,不涉及,弱相关,,,,,,,,,,,,
开源 / 平台,,Eclipse,https://www.eclipse.org,已确认（替代）,Eclipse Blogs Feed,https://blogs.eclipse.org/blog/feed,官方博客流,开源动态,不涉及,不涉及,不涉及,不涉及,不涉及,不涉及,弱相关,不涉及,强相关,,,,,,,,,,,,
v5.0 配置补充（新增 URL）,电信 / 标准 / 行业媒体,Ericsson Blog,https://www.ericsson.com/en/blog,未确认,Latest news,"https://www.ericsson.com/en/newsroom/latest-news/feed?typeFilters=1,2,3,4&disableLocationDetect=true",技术博客,设备供应商动态,不涉及,不涉及,不涉及,不涉及,强相关,弱相关,不涉及,弱相关,不涉及,未确认,,,,0,No usable RSS feed confirmed by Folo in this pass.,2026-04-26T01:41:12,verified,Latest news,"https://www.ericsson.com/en/newsroom/latest-news/feed?typeFilters=1,2,3,4&disableLocationDetect=true",4,官方替代源：Ericsson Latest News feed。
企业 / 云,,Ericsson News,https://www.ericsson.com/en/news,已确认,Ericsson Feed,"https://www.ericsson.com/en/newsroom/latest-news/feed?typeFilters=1,2,3,4&disableLocationDetect=true",官方新闻流,设备供应商动态,不涉及,不涉及,不涉及,不涉及,强相关,弱相关,不涉及,弱相关,不涉及,,,,,,,,,,,,
标准 / 组织,,ETSI News Events,https://www.etsi.org/news-events,已确认（替代）,ETSI Feed,https://www.etsi.org/feed/,站点官方 feed，可覆盖新闻更新,行业新闻,不涉及,不涉及,不涉及,不涉及,不涉及,不涉及,不涉及,不涉及,不涉及,,,,,,,,,,,,
v5.0 配置补充（新增 URL）,电信 / 标准 / 行业媒体,Fierce Wireless,https://www.fiercewireless.com/,未确认,,,行业媒体主页,行业新闻,不涉及,不涉及,不涉及,不涉及,弱相关,弱相关,不涉及,不涉及,不涉及,未确认,,,,0,No usable RSS feed confirmed by Folo in this pass.,2026-04-26T09:49:49,,,,,
v5.0 配置补充（新增 URL）,云 / 基础设施 / 安全,Google Cloud Press Corner,https://www.googlecloudpresscorner.com/,未确认,Press Releases,https://www.googlecloudpresscorner.com/press-releases?pagetemplate=rss,官方新闻页,云厂商,不涉及,不涉及,不涉及,不涉及,不涉及,不涉及,强相关,不涉及,弱相关,已确认,Press Releases,https://www.googlecloudpresscorner.com/press-releases?pagetemplate=rss,https://www.googlecloudpresscorner.com/,4,Confirmed by Folo feeds lookup.,2026-04-26T09:46:18,,,,,
标准 / 组织,,GSMA Newsroom,https://www.gsma.com/newsroom/,已确认,GSMA Feed,https://www.gsma.com/newsroom/feed/,官方新闻,行业新闻,不涉及,不涉及,不涉及,不涉及,弱相关,弱相关,不涉及,不涉及,不涉及,,,,,,,,,,,,
v5.0 配置补充（新增 URL）,芯片 / 硬件 / 可穿戴,GSMArena News,https://www.gsmarena.com/news.php3,未确认,GSMArena.com - Latest articles,https://www.gsmarena.com/rss-news-reviews.php3,手机行业新闻页,行业新闻,不涉及,不涉及,不涉及,不涉及,不涉及,不涉及,不涉及,强相关,不涉及,未确认,,,,0,No usable RSS feed confirmed by Folo in this pass.,2026-04-26T01:44:30,verified,GSMArena.com - Latest articles,https://www.gsmarena.com/rss-news-reviews.php3,4,官方 RSS。
标准 / 组织,,GTI Group,https://www.gtigroup.org/,未确认,,,暂未找到稳定文章 RSS,行业新闻,不涉及,不涉及,不涉及,不涉及,弱相关,弱相关,不涉及,不涉及,不涉及,未确认,,,,0,No usable RSS feed confirmed by Folo in this pass.,2026-04-26T09:44:10,,,,,
企业 / 云,,Huawei News,https://www.huawei.com/en/news,候选,Huawei Central Feed,https://www.huaweicentral.com/feed/,第三方站点，不算官网确认,设备供应商动态,不涉及,不涉及,不涉及,不涉及,强相关,弱相关,不涉及,弱相关,不涉及,候选,Huawei Central,https://www.huaweicentral.com/feed/,https://www.huaweicentral.com/,4,"Recovered from earlier Folo run; third-party feed, not official Huawei site.",2026-04-26T09:41:51,verified,安全公告,https://www.huawei.com/cn/rss-feeds/psirt/rss,4,官方替代源：华为安全公告 RSS，不是原新闻页。
标准 / 组织,,IEC News,https://www.iec.ch/news,未确认,,,暂未找到稳定文章 RSS,行业新闻,不涉及,不涉及,不涉及,不涉及,不涉及,不涉及,不涉及,不涉及,不涉及,未确认,,,,0,No usable RSS feed confirmed by Folo in this pass.,2026-04-26T01:35:56,,,,,
标准 / 组织,,IETF Blog,https://www.ietf.org/blog/,未确认,IETF Blog,https://www.ietf.org/blog/feed/,暂未找到稳定文章 RSS,行业新闻,不涉及,不涉及,不涉及,不涉及,弱相关,弱相关,不涉及,不涉及,不涉及,已确认,IETF Blog,https://www.ietf.org/blog/feed/,https://www.ietf.org/blog/,4,Confirmed by Folo feeds lookup.,2026-04-26T01:35:51,,,,,
中文科技媒体,,InfoQ 中文,https://www.infoq.cn,已确认,InfoQ CN Feed,https://www.infoq.cn/feed,官方文章流,行业新闻,不涉及,不涉及,不涉及,不涉及,不涉及,不涉及,不涉及,不涉及,弱相关,,,,,,,,,,,,
v5.0 配置补充（新增 URL）,媒体 / 中文科技 / 商业,InfoQ AI,https://www.infoq.cn/topic/ai,候选,InfoQ CN Feed,https://www.infoq.cn/feed,只确认到站点总 feed,行业新闻,弱相关,不涉及,不涉及,弱相关,不涉及,不涉及,不涉及,不涉及,弱相关,已确认,InfoQ - ä¿è¿è½¯ä»¶å¼åé¢åç¥è¯ä¸åæ°çä¼ æ­,https://www.infoq.cn/feed.xml,https://www.infoq.cn/,4,Confirmed by Folo feeds lookup.,2026-04-26T09:47:47,,,,,
v5.0 配置补充（新增 URL）,媒体 / 中文科技 / 商业,InfoQ AI & LLM,https://www.infoq.cn/topic/AI&LLM,候选,InfoQ CN Feed,https://www.infoq.cn/feed,只确认到站点总 feed,行业新闻,弱相关,不涉及,不涉及,弱相关,不涉及,不涉及,不涉及,不涉及,弱相关,已确认,InfoQ - ä¿è¿è½¯ä»¶å¼åé¢åç¥è¯ä¸åæ°çä¼ æ­,https://www.infoq.cn/feed,https://www.infoq.cn/,4,Confirmed by Folo feeds lookup.,2026-04-26T01:39:15,,,,,
v5.0 配置补充（新增 URL）,媒体 / 中文科技 / 商业,InfoQ 云计算,https://www.infoq.cn/topic/cloud-computing,候选,InfoQ CN Feed,https://www.infoq.cn/feed,只确认到站点总 feed,行业新闻,不涉及,不涉及,不涉及,不涉及,不涉及,不涉及,强相关,不涉及,弱相关,已确认,InfoQ - ä¿è¿è½¯ä»¶å¼åé¢åç¥è¯ä¸åæ°çä¼ æ­,https://www.infoq.cn/feed,https://www.infoq.cn/,4,Confirmed by Folo feeds lookup.,2026-04-26T09:48:50,,,,,
芯片 / 硬件,,Intel Newsroom,https://www.intel.com/content/www/us/en/newsroom/home.html,未确认,,,暂未找到稳定文章 RSS,设备供应商动态,不涉及,不涉及,不涉及,不涉及,不涉及,不涉及,不涉及,强相关,不涉及,未确认,,,,0,No usable RSS feed confirmed by Folo in this pass.,2026-04-26T09:43:24,,,,,
v5.0 配置补充（新增 URL）,AI / Agent / 官方博客,Intel AI,https://www.intel.com/content/www/us/en/newsroom/resources/ai.html,未确认,Newsroom,https://newsroom.intel.com/feed,Intel AI 资源页,设备供应商动态,强相关,强相关,不涉及,不涉及,不涉及,不涉及,不涉及,强相关,不涉及,未确认,,,,0,No usable RSS feed confirmed by Folo in this pass.,2026-04-26T09:45:20,verified,Newsroom,https://newsroom.intel.com/feed,4,官方替代源：Intel Newsroom feed。
标准 / 组织,,ISO News,https://www.iso.org/news.html,未确认,,,暂未找到稳定文章 RSS,行业新闻,不涉及,不涉及,不涉及,不涉及,不涉及,不涉及,不涉及,不涉及,不涉及,未确认,,,,0,No usable RSS feed confirmed by Folo in this pass.,2026-04-26T01:35:07,,,,,
标准 / 组织,,ITU Media Centre,https://www.itu.int/en/mediacentre/Pages/default.aspx,未确认,,,暂未找到稳定文章 RSS,行业新闻,不涉及,不涉及,不涉及,不涉及,弱相关,弱相关,不涉及,不涉及,不涉及,未确认,,,,0,No usable RSS feed confirmed by Folo in this pass.,2026-04-26T09:44:01,,,,,
中文科技媒体,,机器之心,https://www.jiqizhixin.com,候选,机器之心 RSS,https://www.jiqizhixin.com/rss,内容可读，但 Folo 返回状态字段异常,行业新闻,弱相关,不涉及,不涉及,弱相关,不涉及,不涉及,不涉及,不涉及,弱相关,已确认,机器之心,https://www.jiqizhixin.com/rss,https://www.jiqizhixin.com/,4,Folo returns entries despite errorMessage=200 OK; treated as usable official feed.,2026-04-26T09:42:49,,,,,
v5.0 配置补充（新增 URL）,电信 / 标准 / 行业媒体,Light Reading,https://www.lightreading.com/,未确认,lightreading,https://www.lightreading.com/rss.xml,行业媒体主页,行业新闻,不涉及,不涉及,不涉及,不涉及,弱相关,弱相关,不涉及,不涉及,不涉及,已确认,lightreading,https://www.lightreading.com/rss.xml,https://www.lightreading.com/,4,Confirmed by Folo feeds lookup.,2026-04-26T01:39:50,,,,,
v5.0 配置补充（新增 URL）,学术 / 研究 / 论文补充,LinkResearcher - theses,https://www.linkresearcher.com/theses?filters.onlineTime&filters.status=true&filters.subject=%E8%AE%A1%E7%AE%97%E6%9C%BA&query=,非文章页,,,论文检索页,学术论文,不涉及,不涉及,不涉及,不涉及,不涉及,不涉及,不涉及,不涉及,不涉及,,,,,,,,,,,,
开源 / 平台,,Linux Foundation Press,https://www.linuxfoundation.org/press/,未确认,Linux Foundation - Press Releases,https://www.linuxfoundation.org/press/rss.xml,暂未找到稳定文章 RSS,开源动态,不涉及,不涉及,不涉及,不涉及,不涉及,不涉及,弱相关,不涉及,强相关,已确认,Linux Foundation - Press Releases,https://www.linuxfoundation.org/press/rss.xml,https://www.linuxfoundation.org/press,4,Confirmed by Folo feeds lookup.,2026-04-26T01:36:00,,,,,
v5.0 配置补充（新增 URL）,芯片 / 硬件 / 可穿戴,Marvell - Blogs,https://www.marvell.com/blogs.html,未确认,,,官方博客页,设备供应商动态,不涉及,强相关,不涉及,不涉及,不涉及,不涉及,不涉及,强相关,不涉及,未确认,,,,0,No usable RSS feed confirmed by Folo in this pass.,2026-04-26T09:56:00,,,,,
v5.0 配置补充（新增 URL）,芯片 / 硬件 / 可穿戴,Marvell - Press Releases,https://www.marvell.com/company/newsroom/press-releases.html,未确认,,,新闻稿页,设备供应商动态,不涉及,强相关,不涉及,不涉及,不涉及,不涉及,不涉及,强相关,不涉及,未确认,,,,0,No usable RSS feed confirmed by Folo in this pass.,2026-04-26T01:44:22,,,,,
v5.0 配置补充（新增 URL）,芯片 / 硬件 / 可穿戴,Meta AI - AR / 眼镜,https://www.meta.com/realities/,非文章页,,,产品或业务页，不是文章 RSS 页,设备供应商动态,不涉及,不涉及,不涉及,强相关,不涉及,不涉及,不涉及,不涉及,不涉及,,,,,,,,,,,,
芯片 / 硬件,,Micron Newsroom,https://www.micron.com/about/newsroom,未确认,,,暂未找到稳定文章 RSS,设备供应商动态,不涉及,强相关,不涉及,不涉及,不涉及,不涉及,不涉及,强相关,不涉及,未确认,,,,0,No usable RSS feed confirmed by Folo in this pass.,2026-04-26T01:36:06,,,,,
v5.0 配置补充（新增 URL）,学术 / 研究 / 论文补充,Microsoft Research,https://www.microsoft.com/en-us/research/,未确认,Microsoft Research,https://www.microsoft.com/en-us/research/feed,研究院主页,学术论文,强相关,不涉及,不涉及,不涉及,不涉及,不涉及,不涉及,不涉及,不涉及,已确认,Microsoft Research,https://www.microsoft.com/en-us/research/feed,https://www.microsoft.com/en-us/research/,4,Confirmed by Folo feeds lookup.,2026-04-26T01:45:08,,,,,
学术 / 研究,,Microsoft Research Blog,https://www.microsoft.com/en-us/research/blog/,未确认,Microsoft Research,https://www.microsoft.com/en-us/research/feed,暂未找到稳定文章 RSS,学术论文,强相关,不涉及,不涉及,不涉及,不涉及,不涉及,不涉及,不涉及,不涉及,未确认,,,,0,No usable RSS feed confirmed by Folo in this pass.,2026-04-26T01:36:25,verified,Microsoft Research,https://www.microsoft.com/en-us/research/feed,4,官方替代源：Microsoft Research 总 feed。
AI / 科技媒体,,MiniMax News,https://www.minimaxi.com/news,未确认,MiniMax 稀宇科技,https://wechat2rss.bestblogs.dev/feed/00306b171f754d463b28cf83f3ba086ad009b430.xml,暂未找到稳定文章 RSS,技术博客,强相关,不涉及,不涉及,不涉及,不涉及,不涉及,不涉及,不涉及,弱相关,未确认,,,,0,No usable RSS feed confirmed by Folo in this pass.,2026-04-26T09:42:14,verified,MiniMax 稀宇科技,https://wechat2rss.bestblogs.dev/feed/00306b171f754d463b28cf83f3ba086ad009b430.xml,4,第三方候选：公众号文章流。
v5.0 配置补充（新增 URL）,媒体 / 中文科技 / 商业,智谱AI / MITTR China News,https://www.mittrchina.com/news,未确认,,,配置名与 URL 不一致，实际是 MITTR China 新闻页,行业新闻,弱相关,不涉及,不涉及,不涉及,不涉及,不涉及,不涉及,不涉及,不涉及,未确认,,,,0,No usable RSS feed confirmed by Folo in this pass.,2026-04-26T01:39:39,,,,,
v5.0 配置补充（新增 URL）,媒体 / 中文科技 / 商业,MITTR China - News Detail,https://www.mittrchina.com/news/detail/16216,非文章页,,,单篇详情页，不适合作为 RSS 入口,行业新闻,弱相关,不涉及,不涉及,不涉及,不涉及,不涉及,不涉及,不涉及,不涉及,,,,,,,,,,,,
v5.0 配置补充（新增 URL）,电信 / 标准 / 行业媒体,Mobile World Live,https://www.mobileworldlive.com/,未确认,Mobile World Live,https://www.mobileworldlive.com/feed/,GSMA 旗下媒体主页,行业新闻,不涉及,不涉及,不涉及,不涉及,弱相关,弱相关,不涉及,不涉及,不涉及,已确认,Mobile World Live,https://www.mobileworldlive.com/feed/,https://www.mobileworldlive.com/,4,Confirmed by Folo feeds lookup.,2026-04-26T01:43:34,,,,,
v5.0 配置补充（新增 URL）,电信 / 标准 / 行业媒体,MWC Barcelona,https://www.mwcbarcelona.com/news,未确认,,,MWC 新闻页,行业新闻,不涉及,不涉及,不涉及,不涉及,弱相关,弱相关,不涉及,不涉及,不涉及,未确认,,,,0,No usable RSS feed confirmed by Folo in this pass.,2026-04-26T09:52:06,,,,,
学术 / 研究,,Nature Latest News,https://www.nature.com/latest-news,已确认,Nature RSS,https://www.nature.com/nature.rss,官方新闻流,学术论文,不涉及,不涉及,不涉及,不涉及,不涉及,不涉及,不涉及,不涉及,弱相关,,,,,,,,,,,,
学术 / 研究,,Nature Communications,https://www.nature.com/ncomms,未确认,Nature Communications,https://www.nature.com/ncomms/rss.xml,暂未找到稳定文章 RSS,学术论文,不涉及,不涉及,不涉及,不涉及,不涉及,不涉及,不涉及,不涉及,弱相关,已确认,Nature Communications,https://www.nature.com/ncomms/rss.xml,http://feeds.nature.com/ncomms/rss/current,4,Confirmed by Folo feeds lookup.,2026-04-26T01:36:26,,,,,
企业 / 云,,Nokia Newsroom,https://www.nokia.com/about-us/newsroom/,已确认（替代）,Nokia RSS,https://www.nokia.com/partner-releases-rss/,官方 feed，可读但偏 `partner releases`,设备供应商动态,不涉及,不涉及,不涉及,不涉及,强相关,弱相关,不涉及,弱相关,不涉及,,,,,,,,,,,,
v5.0 配置补充（新增 URL）,电信 / 标准 / 行业媒体,Nokia Blog,https://www.nokia.com/blog/,未确认,,,技术博客,设备供应商动态,不涉及,不涉及,不涉及,不涉及,强相关,弱相关,不涉及,弱相关,不涉及,未确认,,,,0,No usable RSS feed confirmed by Folo in this pass.,2026-04-26T09:50:01,,,,,
开源 / 平台,,npm,https://www.npmjs.com,非文章页,,,包目录，不是文章页,开源动态,不涉及,不涉及,不涉及,不涉及,不涉及,不涉及,不涉及,不涉及,强相关,,,,,,,,,,,,
企业 / 云,,Oracle News,https://www.oracle.com/news/,已确认（替代）,Oracle Blogs Feed,https://blogs.oracle.com/feed,官方博客流，不是 `news` 页原生 feed,云厂商,不涉及,不涉及,不涉及,不涉及,不涉及,不涉及,强相关,不涉及,弱相关,,,,,,,,,,,,
v5.0 配置补充（新增 URL）,AI / Agent / 官方博客,Oracle AI & Cloud,https://www.oracle.com/news/author/oracle-ai/,未确认,,,Oracle AI 主题或作者页,云厂商,弱相关,弱相关,不涉及,不涉及,不涉及,不涉及,强相关,不涉及,弱相关,未确认,,,,0,No usable RSS feed confirmed by Folo in this pass.,2026-04-26T01:36:43,,,,,
运营商 / 通信媒体,,Orange Business Press,https://www.orange-business.com/en/press,未确认,,,暂未找到稳定文章 RSS,通信服务供应商动态,不涉及,不涉及,不涉及,不涉及,不涉及,强相关,不涉及,不涉及,不涉及,未确认,,,,0,No usable RSS feed confirmed by Folo in this pass.,2026-04-26T01:35:42,,,,,
学术 / 研究,,PNAS,https://www.pnas.org,已确认,PNAS RSS,https://www.pnas.org/action/showFeed?type=etoc&feed=rss&jc=pnas,期刊目录流,学术论文,不涉及,不涉及,不涉及,不涉及,不涉及,不涉及,不涉及,不涉及,弱相关,,,,,,,,,,,,
中文科技媒体,,量子位,https://www.qbitai.cn/news,已确认,QbitAI Feed,https://www.qbitai.com/feed,官方可读，域名与入口页不同,行业新闻,弱相关,不涉及,不涉及,弱相关,不涉及,不涉及,不涉及,不涉及,弱相关,,,,,,,,,,,,
v5.0 配置补充（新增 URL）,媒体 / 中文科技 / 商业,量子位 root,https://www.qbitai.com/,已确认,QbitAI Feed,https://www.qbitai.com/feed,已有可用站点 feed,行业新闻,弱相关,不涉及,不涉及,弱相关,不涉及,不涉及,不涉及,不涉及,弱相关,,,,,,,,,,,,
v5.0 配置补充（新增 URL）,媒体 / 中文科技 / 商业,量子位 - 资讯分类,https://www.qbitai.com/category/%e8%b5%84%e8%ae%af,候选,QbitAI Feed,https://www.qbitai.com/feed,当前只确认到站点总 feed,行业新闻,弱相关,不涉及,不涉及,弱相关,不涉及,不涉及,不涉及,不涉及,弱相关,已确认,éå­ä½,https://www.qbitai.com/feed,https://www.qbitai.com/,4,Confirmed by Folo feeds lookup.,2026-04-26T01:41:17,,,,,
芯片 / 硬件,,Qualcomm Releases,https://www.qualcomm.com/news/releases,已确认,Qualcomm Releases RSS,http://feeds.qualcomm.com/qualcomm/releases,官方新闻稿,设备供应商动态,不涉及,强相关,不涉及,不涉及,弱相关,不涉及,不涉及,强相关,不涉及,,,,,,,,,,,,
v5.0 配置补充（新增 URL）,电信 / 标准 / 行业媒体,RCRWireless - Telecom,https://www.rcrwireless.com/,未确认,RCR Wireless,https://www.rcrwireless.com/feed,行业媒体主页,行业新闻,不涉及,不涉及,不涉及,不涉及,弱相关,弱相关,不涉及,不涉及,不涉及,已确认,RCR Wireless,https://www.rcrwireless.com/feed,https://www.rcrwireless.com/,4,Confirmed by Folo feeds lookup.,2026-04-26T09:50:35,,,,,
v5.0 配置补充（新增 URL）,电信 / 标准 / 行业媒体,RCR Wireless - AI Infrastructure,https://www.rcrwireless.com/category/ai-infrastructure,未确认,RCR Wireless,https://www.rcrwireless.com/feed,AI 基础设施专题页,行业新闻,不涉及,强相关,不涉及,不涉及,弱相关,弱相关,不涉及,强相关,不涉及,已确认,RCR Wireless,https://www.rcrwireless.com/feed,https://www.rcrwireless.com/,4,Confirmed by Folo feeds lookup.,2026-04-26T09:55:43,,,,,
企业 / 云,,Red Hat Blog,https://www.redhat.com/en/blog,已确认,Red Hat Blog RSS,https://www.redhat.com/en/rss/blog,官方博客,云厂商,不涉及,弱相关,不涉及,不涉及,不涉及,不涉及,强相关,不涉及,强相关,,,,,,,,,,,,
v5.0 配置补充（新增 URL）,芯片 / 硬件 / 可穿戴,Rokid / AR / AI 眼镜,https://www.rokid.com/news,未确认,,,官方新闻页,设备供应商动态,不涉及,不涉及,不涉及,强相关,不涉及,不涉及,不涉及,强相关,不涉及,未确认,,,,0,No usable RSS feed confirmed by Folo in this pass.,2026-04-26T09:52:25,,,,,
学术 / 研究,,Science,https://www.science.org,已确认,Science RSS,https://www.science.org/action/showFeed?type=etoc&feed=rss&jc=science,期刊目录流,学术论文,不涉及,不涉及,不涉及,不涉及,不涉及,不涉及,不涉及,不涉及,弱相关,,,,,,,,,,,,
v5.0 配置补充（新增 URL）,电信 / 标准 / 行业媒体,SDxCentral Telecom News,https://www.sdxcentral.com/news/?term=telecoms-5g6g,未确认,SDxCentral,https://www.sdxcentral.com/sdx-en/rss/,电信新闻搜索页,行业新闻,不涉及,不涉及,不涉及,不涉及,弱相关,弱相关,不涉及,不涉及,不涉及,未确认,,,,0,No usable RSS feed confirmed by Folo in this pass.,2026-04-26T01:43:00,verified,SDxCentral,https://www.sdxcentral.com/sdx-en/rss/,4,官方替代源：站点总 RSS。
v5.0 配置补充（新增 URL）,电信 / 标准 / 行业媒体,SDxCentral News - Silicon Supercomputing Channel,https://www.sdxcentral.com/news/?term=the-silicon-supercomputing-channel,未确认,SDxCentral,https://www.sdxcentral.com/sdx-en/rss/,新闻搜索页,行业新闻,不涉及,不涉及,不涉及,不涉及,不涉及,不涉及,不涉及,不涉及,不涉及,未确认,,,,0,No usable RSS feed confirmed by Folo in this pass.,2026-04-26T09:53:37,verified,SDxCentral,https://www.sdxcentral.com/sdx-en/rss/,4,官方替代源：站点总 RSS。
v5.0 配置补充（新增 URL）,电信 / 标准 / 行业媒体,SDxCentral AI & ML,https://www.sdxcentral.com/topics/ai-machine-learning/agentic-ai/,未确认,SDxCentral,https://www.sdxcentral.com/sdx-en/rss/,Agentic AI 专题页,行业新闻,不涉及,不涉及,强相关,不涉及,不涉及,不涉及,不涉及,不涉及,不涉及,未确认,,,,0,No usable RSS feed confirmed by Folo in this pass.,2026-04-26T01:43:13,verified,SDxCentral,https://www.sdxcentral.com/sdx-en/rss/,4,官方替代源：站点总 RSS。
v5.0 配置补充（新增 URL）,电信 / 标准 / 行业媒体,SDxCentral 5G/6G,https://www.sdxcentral.com/topics/telecoms-5g6g/,未确认,SDxCentral,https://www.sdxcentral.com/sdx-en/rss/,5G/6G 专题页,行业新闻,不涉及,不涉及,不涉及,不涉及,弱相关,弱相关,不涉及,不涉及,不涉及,未确认,,,,0,No usable RSS feed confirmed by Folo in this pass.,2026-04-26T09:55:08,verified,SDxCentral,https://www.sdxcentral.com/sdx-en/rss/,4,官方替代源：站点总 RSS。
学术 / 研究,,MIT Technology Review,https://www.technologyreview.com,已确认,MIT Tech Review Feed,https://www.technologyreview.com/feed/,官方文章流,行业新闻,不涉及,不涉及,不涉及,不涉及,不涉及,不涉及,不涉及,不涉及,不涉及,,,,,,,,,,,,
v5.0 配置补充（新增 URL）,AI / Agent / 官方博客,MIT Technology Review - AI,https://www.technologyreview.com/topic/artificial-intelligence/,候选,MIT Tech Review Feed,https://www.technologyreview.com/feed/,只确认到站点总 feed，不是 AI 专题专属,行业新闻,强相关,不涉及,不涉及,不涉及,不涉及,不涉及,不涉及,不涉及,不涉及,已确认,MIT Technology Review,https://www.technologyreview.com/feed/,https://www.technologyreview.com/,4,Confirmed by Folo feeds lookup.,2026-04-26T01:36:40,,,,,
v5.0 配置补充（新增 URL）,云 / 基础设施 / 安全,Techzine Infrastructure,https://www.techzine.eu/infrastructure/,未确认,Techzine Global,https://www.techzine.eu/feed/,基础设施专题页,行业新闻,不涉及,强相关,不涉及,不涉及,不涉及,不涉及,强相关,强相关,不涉及,已确认,Techzine Global,https://www.techzine.eu/feed/,https://www.techzine.eu/,4,Confirmed by Folo feeds lookup.,2026-04-26T09:46:46,,,,,
v5.0 配置补充（新增 URL）,电信 / 标准 / 行业媒体,Telecoms.com,https://www.telecoms.com/communications-service-provider,未确认,telecoms,https://www.telecoms.com/rss.xml,服务商专题页,行业新闻,不涉及,不涉及,不涉及,不涉及,弱相关,弱相关,不涉及,不涉及,不涉及,已确认,telecoms,https://www.telecoms.com/rss.xml,https://www.telecoms.com/,4,Confirmed by Folo feeds lookup.,2026-04-26T09:51:38,,,,,
运营商 / 通信媒体,,TelecomTV Content,https://www.telecomtv.com/content/,未确认,TelecomTV,https://www.telecomtv.com/content/news/rss.xml,暂未找到稳定文章 RSS,行业新闻,不涉及,不涉及,不涉及,不涉及,弱相关,弱相关,不涉及,不涉及,不涉及,已确认,TelecomTV,https://www.telecomtv.com/content/news/rss.xml,https://www.telecomtv.com/,4,Direct Folo feed lookup confirmed after transient connection errors.,2026-04-26T09:43:24,,,,,
运营商 / 通信媒体,,Telefonica Communication Room,https://www.telefonica.com/en/communication-room/,已确认,Telefonica Feed,https://www.telefonica.com/en/communication-room/feed/,官方新闻,通信服务供应商动态,不涉及,不涉及,不涉及,不涉及,不涉及,强相关,不涉及,不涉及,不涉及,,,,,,,,,,,,
运营商 / 通信媒体,,Telekom Media,https://www.telekom.com/en/media,未确认,,,暂未找到稳定文章 RSS,通信服务供应商动态,不涉及,不涉及,不涉及,不涉及,不涉及,强相关,不涉及,不涉及,不涉及,未确认,,,,0,No usable RSS feed confirmed by Folo in this pass.,2026-04-26T09:42:07,,,,,
v5.0 配置补充（新增 URL）,媒体 / 中文科技 / 商业,The Information,https://www.theinformation.com/,未确认,,,科技商业媒体主页,行业新闻,不涉及,不涉及,不涉及,不涉及,不涉及,不涉及,不涉及,不涉及,不涉及,未确认,,,,0,No usable RSS feed confirmed by Folo in this pass.,2026-04-26T09:49:32,,,,,
AI / 科技媒体,,The Verge AI,https://www.theverge.com/ai-artificial-intelligence,未确认,The Verge,https://www.theverge.com/rss/index.xml,只见到站点总 feed 候选,行业新闻,弱相关,不涉及,弱相关,弱相关,不涉及,不涉及,不涉及,不涉及,弱相关,已确认,The Verge,https://www.theverge.com/rss/index.xml,https://www.theverge.com/,4,Confirmed by Folo feeds lookup.,2026-04-26T09:41:54,,,,,
v5.0 配置补充（新增 URL）,媒体 / 中文科技 / 商业,钛媒体,https://www.tmtpost.com/tag/topic/299106,未确认,éåªä½ï¼å¼é¢æªæ¥åä¸ä¸çæ´»æ°ç¥,https://www.tmtpost.com/rss.xml/,AI 或科技专题页,行业新闻,弱相关,不涉及,不涉及,不涉及,不涉及,不涉及,不涉及,不涉及,不涉及,已确认,éåªä½ï¼å¼é¢æªæ¥åä¸ä¸çæ´»æ°ç¥,https://www.tmtpost.com/rss.xml/,http://www.tmtpost.com/,4,Confirmed by Folo feeds lookup.,2026-04-26T09:47:44,,,,,
芯片 / 硬件,,TSMC News,https://www.tsmc.com/english/newsEvents,未确认,,,暂未找到稳定文章 RSS,设备供应商动态,不涉及,强相关,不涉及,不涉及,不涉及,不涉及,不涉及,强相关,不涉及,未确认,,,,0,No usable RSS feed confirmed by Folo in this pass.,2026-04-26T09:44:55,,,,,
运营商 / 通信媒体,,Verizon News,https://www.verizon.com/about/news/,已确认,Verizon RSS,https://www.verizon.com/about/rss.xml,官方新闻,通信服务供应商动态,不涉及,不涉及,不涉及,不涉及,不涉及,强相关,不涉及,不涉及,不涉及,,,,,,,,,,,,
运营商 / 通信媒体,,Vodafone News,https://www.vodafone.com/news,未确认,,,暂未找到稳定文章 RSS,通信服务供应商动态,不涉及,不涉及,不涉及,不涉及,不涉及,强相关,不涉及,不涉及,不涉及,未确认,,,,0,No usable RSS feed confirmed by Folo in this pass.,2026-04-26T01:35:29,,,,,
标准 / 组织,,W3C News Blog,https://www.w3.org/blog/news/,已确认,W3C Feed,https://www.w3.org/blog/news/feed/,官方新闻博客,行业新闻,不涉及,不涉及,不涉及,不涉及,不涉及,不涉及,不涉及,不涉及,不涉及,,,,,,,,,,,,
AI / 科技媒体,,Wired AI Tag,https://www.wired.com/tag/ai/,已确认（替代）,Wired AI RSS,https://rsshub.bestblogs.dev/wired/tag/artificial-intelligence,通过 RSSHub 路由,行业新闻,弱相关,不涉及,弱相关,弱相关,不涉及,不涉及,不涉及,不涉及,弱相关,,,,,,,,,,,,
v5.0 配置补充（新增 URL）,云 / 基础设施 / 安全,Wiz Blog - AI Security,https://www.wiz.io/blog/tag/ai-security,未确认,Wiz Blog | RSS feed,https://www.wiz.io/feed/rss.xml,安全专题页,技术博客,弱相关,不涉及,不涉及,不涉及,不涉及,不涉及,不涉及,不涉及,弱相关,未确认,,,,0,No usable RSS feed confirmed by Folo in this pass.,2026-04-26T09:46:25,verified,Wiz Blog | RSS feed,https://www.wiz.io/feed/rss.xml,4,官方 RSS。
v5.0 配置补充（新增 URL）,社区 / API / 社交 / 目录,小宇宙播客,https://www.xiaoyuzhoufm.com/podcast/667d1ecfc13b46d76c3f64b8,非文章页,,,播客页，不是文章 RSS 页,行业新闻,不涉及,不涉及,不涉及,不涉及,不涉及,不涉及,不涉及,不涉及,不涉及,,,,,,,,,,,,
企业 / 云,,ZTE News,https://www.zte.com.cn/global/about/news,未确认,,,暂未找到稳定文章 RSS,设备供应商动态,不涉及,不涉及,不涉及,不涉及,强相关,弱相关,不涉及,弱相关,不涉及,未确认,,,,0,No usable RSS feed confirmed by Folo in this pass.,2026-04-26T01:34:45,,,,,
v5.0 配置补充（新增 URL）,电信 / 标准 / 行业媒体,ZTE News HTML,https://www.zte.com.cn/global/about/news.html,未确认,,,与主表 ZTE 新闻页为同源变体,设备供应商动态,不涉及,不涉及,不涉及,不涉及,强相关,弱相关,不涉及,弱相关,不涉及,未确认,,,,0,No usable RSS feed confirmed by Folo in this pass.,2026-04-26T01:41:43,,,,,
v5.0 配置补充（新增 URL）,社区 / API / 社交 / 目录,X - Alibaba_Qwen,https://x.com/Alibaba_Qwen,非文章页,,,社交账号页,行业新闻,强相关,不涉及,不涉及,不涉及,不涉及,不涉及,不涉及,不涉及,不涉及,,,,,,,,,,,,
v5.0 配置补充（新增 URL）,社区 / API / 社交 / 目录,X - AnthropicAI,https://x.com/AnthropicAI,非文章页,,,社交账号页,行业新闻,强相关,不涉及,不涉及,不涉及,不涉及,不涉及,不涉及,不涉及,不涉及,,,,,,,,,,,,
v5.0 配置补充（新增 URL）,社区 / API / 社交 / 目录,X - cursor_ai,https://x.com/cursor_ai,非文章页,,,社交账号页,行业新闻,不涉及,不涉及,强相关,强相关,不涉及,不涉及,不涉及,不涉及,不涉及,,,,,,,,,,,,
v5.0 配置补充（新增 URL）,社区 / API / 社交 / 目录,X - emollick,https://x.com/emollick,非文章页,,,社交账号页,行业新闻,不涉及,不涉及,不涉及,不涉及,不涉及,不涉及,不涉及,不涉及,不涉及,,,,,,,,,,,,
v5.0 配置补充（新增 URL）,社区 / API / 社交 / 目录,X - Gartner_inc,https://x.com/Gartner_inc,非文章页,,,社交账号页,行业新闻,不涉及,不涉及,不涉及,不涉及,不涉及,不涉及,不涉及,不涉及,不涉及,,,,,,,,,,,,
v5.0 配置补充（新增 URL）,社区 / API / 社交 / 目录,X - GeminiApp,https://x.com/GeminiApp,非文章页,,,社交账号页,行业新闻,强相关,不涉及,不涉及,不涉及,不涉及,不涉及,不涉及,不涉及,不涉及,,,,,,,,,,,,
v5.0 配置补充（新增 URL）,社区 / API / 社交 / 目录,X - ollama,https://x.com/ollama,非文章页,,,社交账号页,行业新闻,不涉及,不涉及,强相关,强相关,不涉及,不涉及,不涉及,不涉及,不涉及,,,,,,,,,,,,
v5.0 配置补充（新增 URL）,社区 / API / 社交 / 目录,X - OpenAI,https://x.com/OpenAI,非文章页,,,社交账号页,行业新闻,强相关,不涉及,不涉及,不涉及,不涉及,不涉及,不涉及,不涉及,不涉及,,,,,,,,,,,,
v5.0 配置补充（新增 URL）,社区 / API / 社交 / 目录,X - sama,https://x.com/sama,非文章页,,,社交账号页,行业新闻,弱相关,不涉及,不涉及,不涉及,不涉及,不涉及,不涉及,不涉及,不涉及,,,,,,,,,,,,
v5.0 配置补充（新增 URL）,社区 / API / 社交 / 目录,X - youyuxi,https://x.com/youyuxi,非文章页,,,社交账号页,行业新闻,不涉及,不涉及,不涉及,不涉及,不涉及,不涉及,不涉及,不涉及,不涉及,,,,,,,,,,,,
v5.0 配置补充（新增 URL）,社区 / API / 社交 / 目录,X - Zai_org,https://x.com/Zai_org,非文章页,,,社交账号页,行业新闻,弱相关,不涉及,不涉及,不涉及,不涉及,不涉及,不涉及,不涉及,不涉及,,,,,,,,,,,,
v5.0 配置补充（新增 URL）,云 / 基础设施 / 安全,阿里云栖社区,https://yq.aliyun.com/,未确认,,,技术社区或文章站,行业新闻,不涉及,不涉及,不涉及,不涉及,不涉及,不涉及,不涉及,不涉及,不涉及,未确认,,,,0,No usable RSS feed confirmed by Folo in this pass.,2026-04-26T01:36:57,,,,,
v5.0 配置补充（新增 URL）,媒体 / 中文科技 / 商业,智东西 - aichip001,https://zhidx.com/aichip001,未确认,æºä¸è¥¿,https://zhidx.com/rss.xml,专栏或专题页,行业新闻,弱相关,不涉及,不涉及,不涉及,不涉及,不涉及,不涉及,不涉及,不涉及,已确认,æºä¸è¥¿,https://zhidx.com/rss.xml,https://zhidx.com/,4,Confirmed by Folo feeds lookup.,2026-04-26T01:39:37,,,,,
v5.0 配置补充（新增 URL）,媒体 / 中文科技 / 商业,智东西 - 人工智能专题,https://zhidx.com/p/category/zhidongxi/%e4%ba%ba%e5%b7%a5%e6%99%ba%e8%83%bd,未确认,æºä¸è¥¿,https://zhidx.com/rss.xml,专题页,行业新闻,弱相关,不涉及,不涉及,不涉及,不涉及,不涉及,不涉及,不涉及,不涉及,已确认,æºä¸è¥¿,https://zhidx.com/rss.xml,https://zhidx.com/,4,Confirmed by Folo feeds lookup.,2026-04-26T09:50:01,,,,,
